id,title,description,published,filename
22,title test 1,description test 1,f,upload.png
23,title test 2,description test 2,f,upload.png
24,title test 3,description test 3,t,upload.png
25,title test 4,description test 4,f,upload.png
26,title test 5,description test 5,t,upload.png
27,title test 6,description test 6,f,upload.png
28,title test 7,description test 7,f,upload.png
29,title test 8,description test 8,f,upload.png
30,title test 9,description test 9,f,upload.png
31,title test 10,description test 10,t,upload.png
32,title test 11,description test 11,t,upload.png
33,title test 12,description test 12,f,upload.png
34,title test 13,description test 13,f,upload.png
35,title test 14,description test 14,f,upload.png
36,title test 15,description test 15,f,upload.png
37,title test 16,description test 16,t,upload.png
